{
  "version": "journal_only_v1",
  "thresholds": {
    "heavy_entry_words": 180,
    "rum_high": 1,
    "activation_high": 1,
    "avoid_high": 2,
    "calm_high": 1
  },
  "early_warnings": [
    {
      "id": "EW_HEAVY_DAY",
      "if": {
        "heavy_entry": true
      },
      "then_tonight": [
        "4\u20117\u20118 for 6\u201310 min, then 10\u201312 min breath/compassion practice",
        "Screens off \u226560 min before sleep; write one line to park tomorrow\u2019s worry"
      ],
      "then_next_days": [
        "Keep intensity sub\u2011threshold for 24h; favour outdoor walk 20\u201330 min",
        "Aim for consistent wind\u2011down sequence for 2 nights"
      ],
      "tone": "neutral_supportive"
    },
    {
      "id": "EW_NIGHT_SHIFT",
      "if": {
        "night_shift_day": true
      },
      "then_tonight": [
        "30\u201340 min easy walk or mobility before wind\u2011down",
        "Dark, cool room; 4\u20117\u20118 (2 rounds) before sleep"
      ],
      "then_next_days": [
        "Light\u2011only day tomorrow; resume intensity after 1\u20132 steady nights"
      ]
    },
    {
      "id": "EW_ACTIVATED_TONE",
      "if": {
        "lex_act_at_least": 1
      },
      "then_tonight": [
        "4\u20117\u20118 (2\u20133 rounds) and 10\u201312 min breath\u2011focused practice",
        "Avoid late screens; simple sleep ritual"
      ],
      "then_next_days": [
        "Keep runs easy for 24\u201348h; add 1 light social contact"
      ]
    }
  ],
  "positive_momentum": [
    {
      "id": "PM_CALM_TONE",
      "if": {
        "lex_calm_at_least": 1
      },
      "say": [
        "Language trending calmer/clearer than 28\u2011day average",
        "You\u2019re consolidating recovery \u2014 keep routines steady"
      ]
    },
    {
      "id": "PM_ACTIVITY_STEADY",
      "if": {
        "run_minutes_ge": 20
      },
      "say": [
        "Consistent movement supports next\u2011day clarity for you",
        "Plan tomorrow\u2019s easy session now to keep rhythm"
      ]
    }
  ],
  "notes": {
    "b478_comment": "Very long 4\u20117\u20118 sessions cluster on tougher nights; aim for ~10\u201315 min total"
  }
}